ID,Sex,Age,Golf_life,Golf_year,Group,Expectation,Instructions,Radial.Error_pt,Radial.Error_b1,Radial.Error_b3,Radial.Error_b6,Radial.Error_lp,Radial.Error_hp,BVE_pt,BVE_b1,BVE_b3,BVE_b6,BVE_lp,BVE_hp,All_concepts,Hypothesis_testing,Average_anxiety_hp,Average_anxiety_lp,Cognitive_hp,Somatic_hp,Cognitive_lp,Somatic_lp,Ilness,Caffeine_day1,Alcohol_Day1,Caffeine_Day2,Alcohol_Day2,Sleep_Day1,Sleep_Day2,Did.not.fol.rule
1,M,20,1,0,TCE,Teach,Explicit,69.85964237,52.09295595,46.12150201,33.60208273,36.29153986,46.15520594,74.90866798,62.21014586,49.0695164,35.02465407,38.40677176,59.77728641,2,0,22.715,0,34,11.43,0,0,0,0,0,0,0,8,8,0
2,F,21,2,1,TTA,Test,Analogy,69.04645337,72.68330504,49.73524808,51.57655724,41.20423089,67.72784024,71.52969391,90.08320589,56.12962074,50.86220853,45.77457689,79.20787987,1,2,12.715,9.145,14,11.43,14,4.29,0,0,0,0,0,8,8,0
5,F,20,1,1,TTE,Test,Explicit,44.98837251,49.90668865,43.78447668,66.88083631,49.30045555,74.85649016,56.49569284,52.56259231,61.08635725,56.84698656,59.52234564,94.11441631,0,0,34.855,24.43,44,25.71,31,17.86,0,0,0,0,0,8,8,0
6,F,20,1,1,TCA,Teach,Analogy,67.14029138,35.56964881,89.14440641,61.28921023,60.96780111,57.06883581,67.20413339,38.88434093,101.2025999,59.2565653,52.9043596,62.37741401,4,3,94.57,80.93,97,92.14,89,72.86,0,0,0,0,0,12,9,1
7,M,19,2,1,TCA,Teach,Analogy,71.80132459,55.081475,41.3295551,37.09702682,58.65252713,46.27549678,59.11234997,56.63177387,43.14152599,40.53516751,64.26806749,51.64512306,4,2,73.785,12.57,84,63.57,13,12.14,0,0,0,0,0,7,8,0
8,M,21,2,1,TCA,Teach,Analogy,78.9343127,107.8297175,54.47521827,51.55512684,85.48326125,83.79591129,95.23349676,141.0110595,63.05669067,50.48693598,95.00939748,87.79683039,4,1,69.715,35.07,77,62.43,48,22.14,0,0,0,0,0,6.5,6.75,0
9,F,21,1,1,TTA,Test,Analogy,117.9806971,146.0656739,85.94130629,83.02422849,56.36703617,67.86113691,116.9282596,144.7599174,97.66748591,96.21332087,70.28540856,77.25388652,3,0,24.285,23.285,30,18.57,28,18.57,0,0,0,0,0,8,7.5,0
10,M,21,2,2,TTA,Test,Analogy,30.64719253,27.54347903,23.06039591,23.34855433,33.73140175,27.81471453,31.60214243,28.54972576,25.81460258,22.54496019,36.22443728,32.72522315,0,2,3.5,2,7,0,4,0,0,0,0,0,0,6.5,7,0
11,M,20,2,1,TTA,Test,Analogy,68.54049076,63.62935759,58.59428206,59.34669756,80.07135315,84.74686943,84.65856097,75.59881505,53.20865283,58.800081,63.11749008,104.0275641,2,0,5.355,6,10,0.71,12,0,0,0,0,0,0,9.5,9,0
12,F,20,2,1,TCE,Teach,Explicit,48.9594954,92.92342356,36.64045338,42.32727216,45.50199411,45.98702032,47.20635749,72.80263774,41.45483672,38.07866837,62.0293989,49.97168457,2,0,34.57,32.715,42,27.14,54,11.43,0,0,0,0,0,8,9,0
13,F,19,2,0,TCE,Teach,Explicit,127.9958566,52.55114856,74.16051623,35.58906656,60.72856169,105.6000141,151.1810624,51.22253006,79.00851116,43.37309121,56.58876816,122.5030914,5,0,41.715,33,42,41.43,36,30,0,0,0,0,0,7,9.5,1
14,M,29,1,1,TTE,Test,Explicit,93.04520452,70.79956609,42.1803845,62.30794109,36.21080248,58.03398079,121.0939316,79.78330438,48.6243034,71.13343633,39.04743531,73.21240998,5,0,18.645,14.93,28,9.29,22,7.86,0,0,0,0,1,7,6,1
15,M,20,1,0,TTE,Test,Explicit,53.93301784,51.95681829,41.67518574,62.17175382,71.11665811,22.3704286,56.34007097,37.60519463,55.70504943,56.03337107,71.71534869,24.82660252,0,0,4.43,0,6,2.86,0,0,0,0,1,0,1,7,6,1
16,M,21,1,1,TCE,Teach,Explicit,52.24779128,53.0941968,35.13379365,46.85293895,29.58166994,58.09968005,51.15153855,58.94485583,31.00706755,48.18783357,32.95200994,64.60519314,5,0,30.285,16.43,42,18.57,20,12.86,0,0,0,0,0,8.5,8.5,0
17,M,20,2,1,TCE,Teach,Explicit,70.10262892,68.71969207,50.67951704,22.92283559,31.70878349,51.36238863,66.6378154,76.8930018,54.98107272,26.36955005,37.74312,60.15406021,0,1,35,31,40,30,47,15,0,0,0,0,0,8.25,8.5,0
18,M,19,2,1,TTA,Test,Analogy,37.59548172,49.87939676,41.72973793,48.06971617,63.01714535,61.20600622,41.08854629,60.59644894,45.96216267,63.16016952,69.15282016,69.98874029,1,1,28.43,20,39,17.86,30,10,0,0,0,0,0,9.5,6.75,1
19,F,23,1,0,TTA,Test,Analogy,98.38915677,90.43329711,41.98204669,57.28984271,35.47281558,45.75295017,150.5780024,109.7657902,52.19614576,59.31839274,39.18413543,35.14844391,0,1,67.785,32.785,72,63.57,37,28.57,0,0,0,0,0,7.5,8.5,0
20,F,20,1,1,TTE,Test,Explicit,113.8803324,56.27975881,45.42971266,53.82326038,69.09351923,65.6120488,136.8154557,67.79833547,49.32553246,65.34350468,79.92419738,72.77274707,2,2,30.285,7,42,18.57,4,10,0,0,0,0,0,8.75,8,0
21,M,19,2,1,TTE,Test,Explicit,126.260924,66.68249126,39.49557438,24.0498632,50.22922873,50.98989175,127.2371803,76.41232723,45.08975357,25.82097674,53.32922796,63.26601942,5,0,69.645,45.215,70,69.29,39,51.43,0,0,0,0,0,8.5,8.75,0
22,F,28,1,1,TTA,Test,Analogy,134.0359019,69.75055599,51.68162054,35.16753749,34.69949594,75.76752056,140.2999126,78.4747453,59.89335776,38.94418271,41.53785245,93.83425151,1,0,37,19.285,54,20,30,8.57,0,0,0,0,0,8,8,0
23,F,19,1,1,TCA,Teach,Analogy,115.0858649,70.95874515,77.86346255,54.21738003,54.69151101,71.19717716,129.162716,86.4947416,76.46170106,57.82941514,61.1303105,75.36622802,1,0,49.355,29.57,53,45.71,32,27.14,0,0,0,0,0,7.5,7,0
24,M,20,3,1,TTA,Test,Analogy,72.59458844,63.54936405,42.93254598,39.68149337,60.71761872,44.80680111,36.51695335,63.19913996,48.40259932,43.44957842,61.38071476,57.03500057,1,0,29.645,10.5,40,19.29,16,5,0,0,0,0,0,8,8.25,0
25,M,20,3,1,TCA,Teach,Analogy,60.55104287,47.42341524,34.12484569,50.21239826,47.58024661,48.15653146,71.81083394,56.60128941,36.70541525,25.99225292,51.35228614,55.21744564,1,0,24.355,5.645,28,20.71,8,3.29,0,0,0,0,0,8,8.5,0
26,F,19,3,1,TCE,Teach,Explicit,65.40145962,48.0694367,43.20176039,40.72106551,45.09359705,82.12220606,67.62441709,52.26495741,48.98758544,42.05689677,45.39822045,94.60584821,6,0,33.285,26.43,48,18.57,40,12.86,0,0,0,0,0,9.5,8.5,0
28,M,19,1,1,TTE,Test,Explicit,96.49764505,129.3183274,38.0429461,73.50878217,38.62192269,49.61448573,110.4062102,112.3049015,46.62913887,94.35084094,45.95219096,49.54913062,6,0,75.715,34.215,85,66.43,57,11.43,0,0,0,0,0,9,9,0
29,M,19,1,1,TCE,Teach,Explicit,65.94523978,52.92045587,51.95539907,32.32833487,45.71189823,56.14703618,65.85183164,65.15333386,57.019193,29.57207058,54.83538722,61.14765776,5,1,32.57,6.5,48,17.14,8,5,0,0,0,0,0,8.25,8.5,0
30,F,23,1,1,TCA,Teach,Analogy,129.2179317,51.00627659,46.96444374,38.11701287,122.5103383,59.89265089,146.0439054,56.95323136,56.68769886,52.45422443,139.4778959,73.54059597,1,0,21.285,5.715,34,8.57,10,1.43,0,0,0,0,0,7.5,8.5,0
31,M,20,2,1,TCE,Teach,Explicit,55.03431786,69.4929241,40.00370087,45.56207952,29.38913376,60.41990912,60.59533659,74.1327794,38.05096267,53.21697862,30.39277345,65.44407181,4,1,42.145,31.785,45,39.29,35,28.57,0,0,0,0,0,7,7,0
32,M,19,2,1,TCA,Teach,Analogy,98.55250935,75.67517512,53.21230335,68.30056999,60.59732191,43.70421906,135.3461825,71.87540194,55.96194492,73.71805842,57.99016915,50.89145401,1,1,23.07,13.43,34,12.14,19,7.86,0,0,0,0,0,8.5,8,0
33,F,20,2,1,TCE,Teach,Explicit,57.61272327,55.76234581,31.70009657,62.80282119,55.87596144,80.0159887,69.46456049,63.41561429,34.84509758,68.66597534,58.95181863,97.83494708,3,1,23,16.355,31,15,22,10.71,0,0,0,0,0,8.5,9,0
34,F,23,1,1,TCE,Teach,Explicit,129.488953,73.36983714,51.70330616,78.03817658,36.75775647,79.54605613,116.911586,91.67564131,57.23215359,93.50162333,41.02920625,84.67294125,5,0,36.145,11,48,24.29,17,5,0,0,0,0,0,8.15,8,0
35,F,22,2,1,TCE,Teach,Explicit,71.37990102,54.63192631,74.07794663,71.20065858,52.23214551,84.7846976,75.44914614,57.79860756,87.70009287,81.72939831,58.09191798,88.85378916,4,2,18,10.07,26,10,13,7.14,0,0,0,0,0,6,7,0
36,F,20,1,0,TTE,Test,Explicit,112.132431,69.73397088,45.87347384,62.56667178,40.42580955,40.43699928,96.63045269,72.39657644,50.05254365,71.10949904,40.19063151,40.30196163,3,0,6.5,0,8,5,0,0,0,0,0,0,0,7,10,1
37,F,20,3,1,TTA,Test,Analogy,129.664031,46.70794119,44.40460626,54.29445604,38.45570384,66.65138031,96.26362073,48.48060372,50.07667958,66.63545803,40.34402875,83.5200721,2,4,33.215,10.215,50,16.43,19,1.43,0,0,0,0,0,7.75,7.75,0
38,M,20,1,0,TCA,Teach,Analogy,121.5977759,46.93972663,54.3130415,48.44415987,73.46582094,39.82864,142.0845565,58.3245492,64.97960299,62.19971095,65.34269844,42.28130223,0,1,42.57,35.855,58,27.14,51,20.71,0,0,0,0,0,8,8,0
39,F,19,1,0,TTA,Test,Analogy,67.73165988,51.30947372,50.92991663,67.625089,50.7120463,59.86422208,81.27984997,56.5927596,61.41534264,80.18849996,24.93907508,61.69805776,4,0,34.57,19.43,42,27.14,26,12.86,0,0,0,0,0,7,6.5,0
40,F,22,1,1,TCA,Teach,Analogy,73.40540431,53.30203545,77.91563134,23.00451428,52.33500543,51.35100662,103.0498956,64.7735652,84.19989224,24.19669546,58.96330079,57.41976949,4,0,7.285,3.07,11,3.57,4,2.14,0,0,0,0,0,7,7.5,0
42,M,20,1,1,TTE,Test,Explicit,78.59281345,59.6373858,55.5279481,29.95620989,57.66381989,100.4556472,74.4567182,45.12794278,52.24184635,34.62261331,58.79703197,132.7939952,4,0,5,0,5,5,0,0,0,0,0,0,0,8,8,0
43,M,22,1,1,TTA,Test,Analogy,73.90616787,76.40586482,31.401608,33.41156405,41.22555047,61.33075648,79.74204201,107.9688505,34.31394256,40.64386994,46.4129365,64.88321835,1,0,6.855,2.785,8,5.71,2,3.57,0,0,0,0,0,9,7,0
44,M,20,1,1,TCE,Teach,Explicit,52.69240469,54.59450016,56.52254431,47.35367856,24.89805707,62.66167064,59.96980388,59.87573008,60.69426448,63.93720031,25.51861669,78.89084002,3,1,8.145,2.07,12,4.29,2,2.14,0,0,0,0,0,8.5,8.5,0
45,F,21,1,0,TTE,Test,Explicit,85.8588845,65.0416028,57.34701229,35.44697099,40.05548901,55.17113059,95.86450197,67.37389297,67.51259341,39.86491099,46.13633917,55.95443622,3,0,10.785,5.855,3,18.57,2,9.71,0,0,0,0,0,7,7,0
46,F,19,1,0,TCA,Teach,Analogy,51.20947899,56.20097446,40.12526258,47.83461349,51.38821899,37.79022243,71.88195303,59.7545549,36.45188864,57.37245803,59.62277396,45.21356907,1,0,5.07,3.715,8,2.14,6,1.43,0,0,0,0,0,7.5,7.75,0
47,M,19,1,0,TTA,Test,Analogy,73.33242124,113.0318595,48.12143019,60.40080338,45.75409507,43.80989894,84.64522952,141.164381,51.48620751,63.85059507,46.52660939,53.23567011,1,0,16.855,17.3,23,10.71,34.6,0,0,0,0,0,0,10,9,0
48,M,22,2,0,TTE,Test,Explicit,51.50134594,68.77196106,32.26505452,57.15793918,64.00133557,78.36216939,60.91842031,76.73321919,34.22117413,69.4908,64.71187446,90.90938402,2,0,13.57,11.645,15,12.14,14,9.29,0,0,0,0,0,4.75,7,1
49,F,22,1,1,TTE,Test,Explicit,91.30321314,77.62058294,50.86181329,53.35680301,72.84785551,72.45064927,121.4275296,79.49418432,48.64254911,77.60510687,78.9744932,75.76589475,2,1,9.07,8.57,6,12.14,5,12.14,0,0,0,0,0,9.5,8,0
50,M,22,1,0,TCA,Teach,Analogy,91.55662761,50.74728067,42.39167428,47.71804837,50.65331325,56.56384006,81.91871441,47.44849536,46.72441055,50.34024686,39.02214657,67.16161797,1,2,45.715,36.715,80,11.43,62,11.43,0,0,0,0,0,8,8.5,0
51,F,22,1,0,TCE,Teach,Explicit,69.34390493,104.9668425,41.3376756,78.12479431,63.97370554,63.1724132,71.04332771,112.1730362,47.92856737,60.53076488,71.8873395,63.26468553,5,0,39,5.43,58,20,8,2.86,0,0,0,0,0,8,8,0
52,F,29,1,1,TCE,Teach,Explicit,67.92117373,97.30286805,52.6179766,71.15511386,42.3745109,75.92631252,66.48694469,108.0166958,67.07143584,79.01152428,49.08134427,84.94738352,0,1,22.145,8.855,20,24.29,2,15.71,0,0,0,0,0,7.5,8,0
53,F,30,1,0,TTA,Test,Analogy,139.8173343,95.56351058,80.85687715,75.60099141,94.3474961,69.40187752,69.90933849,83.60265527,103.7991861,73.16642026,126.0298876,103.5555646,0,0,45.285,52,52,38.57,64,40,0,0,0,0,0,9,8,0
54,M,21,2,1,TCA,Teach,Analogy,90.30864242,58.30024457,51.31949611,24.63736052,57.62058329,66.22971904,104.2661662,90.11417612,61.37574639,24.72934066,62.72633816,68.31872972,3,0,27.745,23.115,28.2,27.29,17.8,28.43,0,0,1,0,0,7.75,8,1
56,F,21,1,0,TTE,Test,Explicit,54.84409916,110.8386127,50.14045776,72.31056397,55.95134317,103.0657247,61.7800711,108.1271559,53.89044123,90.16993778,60.48310574,118.6476368,3,0,42.355,30.855,49,35.71,26,35.71,0,0,0,0,0,8,9,0
57,F,21,2,1,TCA,Teach,Analogy,45.93595522,55.35408156,50.78375904,32.71835857,16.50935552,21.9155377,49.5467691,58.07640462,59.12122826,36.66408093,15.81393461,21.66673606,3,0,28.07,13.715,54,2.14,26,1.43,0,0,0,0,0,9,8,0
58,F,21,1,0,TTA,Test,Analogy,79.4325125,52.4280193,49.05211177,35.19302332,54.64143848,42.71470868,86.36506886,53.83239518,49.06829912,42.20866328,63.67537711,53.23116393,2,1,35.145,30.5,56,14.29,56,5,0,0,0,0,0,9,8.5,0
59,M,19,2,1,TTE,Test,Explicit,36.98231696,57.30174678,26.43040229,54.77870745,20.53308814,31.84963342,41.90962964,69.98612405,29.78427937,66.62834769,22.41305198,34.14324477,6,0,11.07,0,15,7.14,0,0,0,0,0,0,0,7,7,0
60,F,22,1,0,TCA,Teach,Analogy,59.798656,50.12234754,42.37281982,44.22137002,63.0595728,47.98841599,82.29808007,70.35258858,47.87497459,49.5366323,77.70614135,56.73977807,1,0,1.215,0,1,1.43,0,0,0,0,0,0,0,6,8,0
61,F,21,1,0,TTA,Test,Analogy,160.12243,67.38921685,57.00899209,62.65844802,50.68345108,63.10863336,119.0677988,74.046714,66.95258524,72.68024102,60.75706043,67.13134213,0,4,12.43,8.715,22,2.86,16,1.43,0,0,0,0,0,6.5,6,0
62,F,26,1,1,TTE,Test,Explicit,104.5113874,66.45826724,53.82313318,61.33810318,77.52003069,66.53179819,95.03427965,65.26850117,38.70626153,70.03545613,85.45751591,102.7228976,4,0,23.715,15.285,21,26.43,12,18.57,0,0,0,0,0,7.5,8,0
63,F,19,1,0,TCE,Teach,Explicit,76.76143921,156.6733553,90.99969883,77.87338553,27.08155996,119.3756008,82.85305621,158.2616732,110.2024143,91.88746943,28.30294589,134.5861556,5,1,19.855,8.93,29,10.71,15,2.86,0,0,0,0,0,8,8,0
64,F,21,1,1,TTA,Test,Analogy,94.47733493,58.46834292,76.74451877,56.18934889,47.65127658,59.00705196,102.272346,69.32138154,90.37857122,58.33661285,50.021031,66.07308683,1,1,14.645,14.285,20,9.29,20,8.57,9,0,0,0,0,7.5,8,0
65,M,21,3,1,TCE,Teach,Explicit,74.81710555,25.90883905,51.79641219,43.32540861,38.79707256,52.0589516,73.58491649,25.66959382,54.08137633,48.71168413,41.99801531,56.6246575,8,1,20.215,16.715,30,10.43,32,1.43,0,0,0,0,0,6.5,7.5,0
66,M,30,1,0,TTA,Test,Analogy,93.35396239,46.54117651,31.8022396,34.62391933,92.02074899,47.38602409,106.2659993,53.77440969,40.82894445,38.56992073,124.5581268,49.77306681,3,1,1.07,0,0,2.14,0,0,0,0,0,0,0,7.5,8,0
67,M,24,1,0,TTE,Test,Explicit,136.6949248,86.45333887,54.47904681,55.40785331,73.19310455,55.98847553,149.9772396,95.31232789,57.57535373,58.42436117,84.68759805,46.99254209,8,0,8.285,7.215,8,8.57,8,6.43,0,0,1,1,0,9,9,1
68,M,28,1,1,TCA,Teach,Analogy,65.5310115,47.78460273,46.97319567,38.56226668,52.90648768,28.51218905,72.77739081,55.56574915,52.39697599,48.10091507,61.51492363,28.77848899,0,2,2.855,0,4,1.71,0,0,0,0,0,0,0,8,8,0
69,M,22,2,1,TTA,Test,Analogy,117.1367306,97.80082705,75.97235582,55.15524545,72.66734032,51.52243516,157.5315453,120.3990989,83.08750628,65.49570559,73.23928293,58.824198,1,0,44.215,45,57,31.43,48,42,0,0,0,0,0,6,3.25,1
70,M,21,1,1,TTE,Test,Explicit,71.84083375,96.52513094,38.17272304,63.85212487,47.24915326,42.32619514,70.16455318,84.33296173,47.49258863,72.20921028,53.03044701,53.9051978,2,1,41.57,4.355,51,32.14,8,0.71,0,0,0,0,0,5,4,0
71,F,22,1,1,TCA,Teach,Analogy,145.1554967,106.7230781,64.2519999,73.85176592,53.88741057,31.81123162,140.6188958,129.9421255,71.2174382,69.02507244,39.65109384,30.3401934,1,0,25.43,10.785,38,12.86,18,3.57,0,0,0,0,0,9,8,0
72,F,20,2,1,TTE,Test,Explicit,65.16888319,31.5843096,36.17954963,30.7744061,117.858767,185.8079616,67.47605068,26.74051403,41.05149366,29.65653396,89.71898518,147.2103375,5,0,9.145,5.5,13,5.29,8,3,0,0,0,0,0,7.5,6.25,0
73,F,21,1,0,TCE,Teach,Explicit,83.60643044,68.23148415,49.26517312,34.91978873,79.5415904,52.66748349,89.32180017,78.72622853,52.69490499,33.14610898,110.8457431,57.3879464,4,0,4.715,3.285,3,6.43,3,3.57,0,0,0,0,0,8,7.25,0
74,F,19,2,1,TTE,Test,Explicit,151.7772824,70.12996961,91.42478392,37.4291988,54.83469285,62.34678472,104.3827159,76.16359485,105.386324,43.49588026,58.03433012,71.55850347,NA,NA,46.645,18.07,64,29.29,26,10.14,0,0,0,0,0,9.5,7.75,0
75,F,19,1,0,TCA,Teach,Analogy,66.42745496,132.9811671,57.05208663,43.98876102,54.67807917,27.39397828,71.29049064,84.00126662,68.5906954,44.43263911,66.26845498,32.39631168,3,0,44.145,32.785,49,39.29,27,38.57,0,0,0,0,0,7.5,7,0
76,F,23,1,1,TCE,Teach,Explicit,74.63405355,64.06940987,62.68093448,83.97263559,41.83304992,86.63974729,77.6300999,79.90220162,68.14422803,110.4777212,50.01826358,103.0662562,4,1,59.715,38.43,58,61.43,54,22.86,0,0,0,0,0,7,7.25,0
77,F,20,1,1,TTE,Test,Explicit,40.78940739,57.4127073,32.34448157,42.12466059,76.4652605,47.40378631,45.64951708,70.65879517,34.60989266,46.23956351,89.91005595,52.34871222,2,1,18,11.855,16,20,18,5.71,0,0,0,0,0,7,8.5,0
78,F,21,1,1,TCE,Teach,Explicit,105.4562576,88.47728235,57.73105621,77.29065157,48.42037857,66.74104122,109.1883139,94.92850606,61.34379389,75.82273994,45.63761025,44.49337097,6,1,16,11.5,22,10,13,10,0,0,0,0,1,5.75,6.45,1
79,F,20,2,0,TTA,Test,Analogy,80.06848422,75.64256757,60.5740992,40.20033924,78.13711768,48.66597183,97.68907785,64.90408974,74.66629148,46.00857149,85.41631023,36.57761211,1,1,45.355,19.355,55,35.71,28,10.71,0,0,0,0,0,8,7.5,0
80,F,22,1,1,TTA,Test,Analogy,104.1915661,85.14996,60.33631512,53.53270508,42.44341106,59.02452206,118.0693842,54.0836752,73.20001268,65.63647068,47.69114798,61.52042117,1,0,18.145,18,22,14.29,26,10,0,0,0,0,0,8.5,9,0
81,F,20,2,1,TCA,Teach,Analogy,120.676554,62.61982115,41.88074372,66.57271448,54.18136982,49.90050732,113.7473535,76.518396,48.41268692,60.74148964,61.89320986,53.46312389,1,0,21.715,15.57,22,21.43,24,7.14,0,0,0,0,0,6.5,6.5,0
82,F,22,2,2,TCE,Teach,Explicit,126.1673654,NA,125.5467718,81.44791229,69.45690723,78.88628394,121.9771837,NA,143.0620959,87.0947008,78.17516083,79.0181153,6,0,60,53.57,80,40,80,27.14,0,0,0,0,0,7.5,7,0
83,M,26,1,0,TCA,Teach,Analogy,108.5845414,84.44486816,49.36333299,39.13339062,21.29626688,19.31420686,150.2775279,85.93710063,60.10774838,47.64869837,24.13203798,21.16378435,2,0,42.43,27.285,62,22.86,46,8.57,0,0,0,0,0,8,6,0
84,F,20,1,0,TCA,Teach,Analogy,94.28382174,79.63046324,66.25838423,26.14597658,51.54241498,64.14631585,112.6812748,83.57673482,76.31748128,23.87734059,47.21673019,72.99329638,3,0,44.285,32.145,50,38.57,30,34.29,0,0,0,0,0,8.25,7.5,0
85,F,19,1,1,TTE,Test,Explicit,112.5870644,95.0323667,62.77094785,50.56468467,49.0939942,42.13190445,111.7789881,113.5892012,69.43360053,55.00349032,35.86840391,46.88076706,5,0,6.215,10,6,6.43,15,5,0,0,0,0,0,8.5,9.5,0
86,F,20,1,1,TCE,Teach,Explicit,35.94003963,62.29168227,48.24197207,62.89106362,65.16567071,78.5246257,48.35931537,67.73793054,52.62873577,55.86267029,57.45634531,82.69831755,3,2,18.93,8,35,2.86,11,5,0,0,0,0,0,8,7,0
87,M,20,2,2,TTA,Test,Analogy,36.13810367,39.87956094,56.20174512,35.44110751,49.23342496,36.37326099,48.53886366,45.17647573,55.63290568,40.67509897,52.00265718,39.85052699,2,0,44.93,29.43,52,37.86,26,32.86,0,0,0,0,0,7.5,8.25,0
88,F,21,1,1,TCA,Teach,Analogy,59.04820696,61.4225958,40.15921372,47.69101515,54.07743574,44.27607972,64.77545364,74.83299032,43.5711395,49.24438226,62.88165815,48.69854555,2,0,30.355,31.715,35,25.71,52,11.43,0,0,0,0,0,9.25,8.25,0
89,F,18,1,1,TTE,Test,Explicit,79.68284813,63.27220199,75.43630755,73.81309356,56.08544991,63.02845446,84.40783078,74.12359046,82.05903071,75.11666461,55.11241555,66.78922527,3,1,63.715,40.5,66,61.43,46,35,0,0,0,0,0,8.5,7.75,0
90,M,20,2,0,TCE,Teach,Explicit,72.18173337,47.87185335,41.74239032,37.68039602,51.972346,48.7790289,67.2621974,55.79075482,43.4113235,49.78005649,53.57470675,49.19593999,4,0,12.855,14.855,10,15.71,24,5.71,0,0,0,0,0,8,6.5,0
91,F,18,2,1,TTA,Test,Analogy,128.7021675,97.07657592,40.41889226,68.89353082,55.75089167,53.51759701,103.1065526,109.8983898,44.63828278,70.01779146,43.469571,44.95387952,4,0,4,4,8,0,8,0,0,0,0,0,0,8.5,8.5,0
92,F,21,3,0,TTA,Test,Analogy,71.9510032,58.95017947,54.37769189,54.79512899,41.83192828,59.50568249,91.35713064,59.7765551,58.98923168,60.3207096,40.27617759,50.99353215,3,0,0.8,0.5,1.6,0,1,0,0,0,1,0,1,9,8,1
93,M,20,2,1,TCA,Teach,Analogy,51.90344397,30.42507508,30.87319565,27.16140323,53.32104152,59.61093003,46.45048413,34.61958374,27.27190677,21.9907914,45.53041927,50.54946157,1,1,24.285,18.57,10,38.57,10,27.14,0,0,0,0,0,9,8.5,0
94,F,20,1,1,TTE,Test,Explicit,104.9802111,111.7821995,62.1703759,45.86954304,101.1002651,49.17539962,103.1376231,100.382072,53.66471696,47.1920537,115.435499,59.4550333,4,0,38.145,16.285,52,24.29,24,8.57,0,0,0,0,0,8,8,0
95,F,20,2,1,TCE,Teach,Explicit,81.00391945,50.3423746,33.67791906,45.73401647,55.78230793,36.79792705,96.6233523,70.07339648,39.95469344,53.00347909,65.07595836,40.66753872,3,2,49.715,47.57,68,31.43,68,27.14,0,0,0,0,0,7,7,0
96,F,21,1,1,TCA,Teach,Analogy,93.49988801,89.3949359,55.74347643,38.11813805,31.25866495,35.15971698,112.9152858,112.4547375,50.75304875,45.1064007,30.20474237,32.73649465,1,1,23,19.715,26,20,28,11.43,0,0,0,0,0,7.5,6,0
97,F,21,1,1,TTA,Test,Analogy,106.0353316,78.16346558,61.59090762,51.84903455,68.27168755,53.43362767,125.0697912,99.58040268,69.87745041,56.06682051,75.74065656,62.5503,3,0,56.43,32.715,95,17.86,54,11.43,0,0,0,0,0,8.5,8.5,0
98,F,20,1,0,TTE,Test,Explicit,99.63203923,84.19719031,68.20717116,48.03252752,48.66195262,67.56995845,111.342904,99.44100623,87.03985325,50.53631507,47.40792567,83.96636329,4,0,35.5,29.785,31,40,26,33.57,0,0,0,0,0,7.5,7.25,0
100,F,20,1,1,TCA,Teach,Analogy,213.9011671,125.5874023,106.1742513,29.6982784,56.57083628,57.20752826,87.60418772,101.3696274,89.56455969,22.97687343,71.28009341,69.31252169,2,0,11.43,8.57,0,22.86,0,17.14,0,0,0,0,0,9.25,8.5,0
101,F,20,3,2,TTA,Test,Analogy,93.11859513,53.90173731,42.15256952,38.73111811,48.907126,62.01542457,101.0551987,57.91438119,44.61942945,42.43707873,53.28113924,70.30497838,1,0,17.715,7.215,24,11.43,13,1.43,0,0,0,0,0,9,9,0
103,F,24,1,1,TCE,Teach,Explicit,91.25438796,65.81239175,40.77019993,57.34287103,36.40442121,46.45342059,95.83399315,80.58747438,47.5748755,64.85014921,40.92881005,53.15508528,3,0,11.57,3,21,2.14,6,0,0,0,0,0,0,8,6,0
104,F,20,1,1,TTA,Test,Analogy,81.68382408,81.12586688,42.46516532,50.05730927,37.87367843,43.80313755,94.82506519,99.77290448,49.49952601,51.07369663,41.49224376,52.57914522,3,0,56.07,44.715,60,52.14,53,36.43,0,0,0,0,0,7,8,0
105,M,21,2,1,TCE,Teach,Explicit,81.01577766,57.43809985,54.3785542,33.53392278,47.77797381,70.68129748,87.85556036,67.05013296,71.41584388,35.99882135,64.93283505,75.4639377,4,0,32.715,7.715,54,11.43,14,1.43,0,0,0,0,0,7,7,0
106,M,22,1,1,TTA,Test,Analogy,98.72296265,94.26479457,48.75927241,35.61204347,42.49708972,61.21251939,125.5561433,108.4342274,66.71029229,40.85735999,52.31279794,63.973325,1,0,11,9,12,10,18,0,Type I diabetic,0,0,0,0,7.5,7,0
107,F,20,1,1,TTA,Test,Analogy,105.9356351,59.31691766,58.0086959,60.0932136,43.47666279,48.0337247,104.6011582,70.73883797,69.60654594,87.29285764,48.76158602,49.90685464,1,0,12,5,24,0,10,0,0,0,0,0,0,7,7,0
108,M,20,3,1,TTE,Test,Explicit,63.86860447,49.59877769,37.40924809,54.11764253,42.39825895,62.54814847,65.60945262,55.03541165,40.99726487,75.45616669,44.74531432,70.2922226,5,0,45.855,23.145,66,25.71,37,9.29,0,0,0,0,0,8.5,8.5,0
109,M,20,1,1,TCA,Teach,Analogy,46.26300266,67.15224757,32.2781645,29.77630381,37.18475029,38.43286298,49.85334469,87.15403049,39.19845769,32.24261361,32.87984364,40.51857943,1,0,22.07,23.07,32,12.14,39,7.14,0,0,0,0,0,7.5,10,1
110,F,20,1,0,TTE,Test,Explicit,128.5595422,113.5105188,59.93578066,49.73754958,81.7588026,60.09049769,123.3409107,78.96052015,65.29379856,41.7989031,85.60367743,70.58567271,4,0,21.215,14.155,36,6.43,23.6,4.71,0,0,0,0,0,5.5,5,0
111,F,20,1,0,TCA,Teach,Analogy,179.7272378,173.8248903,63.22234222,70.63903436,32.29620361,34.25113419,110.9386838,113.9442137,84.29113711,88.17573904,32.52962657,38.10646741,3,1,12.785,14.07,17,8.57,21,7.14,0,0,0,0,0,8.15,9,0
112,M,23,1,0,TTE,Test,Explicit,71.41985013,65.33570071,55.57270599,43.89285788,46.3527861,73.50267873,79.40628264,79.6873782,61.8202731,40.90301232,55.6346143,82.6166703,3,1,34.43,18.57,61,7.86,30,7.14,0,0,0,0,0,7,7,0
113,M,21,1,0,TCE,Teach,Explicit,102.3819233,62.13605672,76.58974249,52.47214846,50.28047309,65.13407748,110.575948,76.41421265,73.98933495,57.53597251,58.3476568,78.0371346,5,0,29.43,11.785,36,22.86,12,11.57,0,0,0,0,0,8,7.5,0
114,F,20,1,1,TCE,Teach,Explicit,67.87208308,71.97110275,59.58812494,45.07511123,55.12519161,62.94027038,63.70783922,62.42956822,69.00731354,37.72849651,61.34582282,84.51709794,4,0,21.715,13.93,32,11.43,15,12.86,0,0,0,0,0,8.5,8,0
115,F,19,2,0,TTE,Test,Explicit,110.2224262,99.77644497,62.76971723,88.18249533,91.20920715,105.4052055,112.861897,117.1304437,67.3762798,106.1621345,100.5607615,116.8160375,3,1,27.855,29.715,30,25.71,38,21.43,0,0,0,1,0,7.25,7,1
116,F,21,1,0,TCA,Teach,Analogy,87.18558805,109.0099596,87.42647413,107.1156321,93.90473929,48.23420606,76.3247858,108.0262722,100.9700862,107.7441072,84.96793043,54.48133307,2,0,49.355,36.93,48,50.71,36,37.86,Slight tear in hip labrum but did physical therapy for it to help strengthen it ,0,0,0,0,7,8,0
117,F,20,2,1,TTA,Test,Analogy,124.6320882,99.47998915,52.850541,48.15963981,77.72346006,43.78323652,103.6406323,63.94848841,46.95082011,49.48151309,92.1522484,44.39920085,1,1,22,20.785,34,10,33,8.57,0,0,0,0,0,9,8,0
118,F,18,2,1,TTE,Test,Explicit,110.531363,99.73374244,61.67794926,67.99098021,110.8294966,62.58352815,117.9164032,123.9692632,74.63585838,87.47885073,202.0794509,73.39490156,3,0,30.645,31.43,27,34.29,30,32.86,0,0,0,0,1,8,6,1
119,M,24,1,0,TTA,Test,Analogy,112.6458938,128.3478477,86.63935286,104.4322002,52.73241419,92.54747498,131.7852792,131.4613289,56.14864929,121.985669,53.11780631,99.47365918,2,0,29.215,20.145,32,26.43,16,24.29,0,0,0,0,0,9,6,1
120,F,19,1,0,TCE,Teach,Explicit,110.0199798,57.93957849,64.95054257,75.49480967,45.56139841,52.7048393,126.7568645,74.31540586,75.84523314,85.04557634,48.94245745,67.9106569,5,0,4.615,1.745,3.8,5.43,2.2,1.29,0,0,0,0,0,6,8,0
121,F,19,3,0,TTA,Test,Analogy,74.11924415,49.7985821,57.6489488,67.6565074,75.71332704,60.58478592,85.15959242,58.54773131,59.56791789,69.20133985,86.30163234,73.19684412,1,0,20.53,6.07,23.2,17.86,10,2.14,0,0,0,0,0,8.5,9,0
122,M,20,1,0,TTA,Test,Analogy,87.29070263,101.2901973,43.27327481,65.83906603,46.28097334,28.82958686,95.23178579,113.7010453,46.98762483,74.1175546,54.78430802,33.63118419,4,0,28.57,19.885,30,27.14,21.2,18.57,0,0,0,0,0,7,8,0
123,F,20,1,1,TCE,Teach,Explicit,87.67891569,46.79961,29.6660158,46.96304107,41.31809864,44.15587814,92.96480274,54.89438953,34.25179619,49.56971813,43.07603483,58.84805222,0,4,23.5,18.43,32,15,24,12.86,0,0,0,0,0,8,8,0
124,M,22,3,1,TCE,Teach,Explicit,99.23768581,54.37710704,46.46216901,33.14860523,47.506554,51.29625577,113.9703688,73.94364938,73.03676858,39.48002133,35.90928817,53.74529628,0,1,36.285,22.57,54,18.57,23,22.14,0,0,0,0,0,7.5,6,0
125,M,22,1,1,TCA,Teach,Analogy,85.04910506,90.38739302,55.33226601,50.83733742,54.84260379,47.79282163,106.1401521,111.8016825,67.22743106,56.73869424,70.62701979,52.90333752,1,1,35.285,25.83,42,28.57,33.8,17.86,0,0,0,0,0,7.25,7,0
127,F,20,3,1,TCA,Teach,Analogy,111.8105221,66.86973776,65.00480965,49.40213007,77.8540814,33.61844622,107.2601471,69.99381647,71.02823786,56.98159374,84.74039197,37.42159872,1,0,29.43,27.645,26,32.86,26,29.29,0,0,0,0,0,9,6,0
128,F,19,2,1,TTE,Test,Explicit,62.33080288,69.09346359,55.7403656,35.99933064,35.26480888,66.80749966,68.59898197,85.31596086,62.02675933,47.96502274,45.58285621,77.73647007,5,0,40.715,24.645,40,41.43,25,24.29,0,0,0,0,0,8.25,6.75,0
129,F,21,2,1,TCA,Teach,Analogy,75.27110761,72.8747986,68.04395574,39.72234215,36.93206782,66.49456515,77.43407397,77.89154365,75.89382839,44.46122725,35.99106171,75.66747688,0,1,36.93,20.785,41,32.86,28,13.57,0,0,0,0,0,7.75,7.5,0
130,F,20,1,1,TTA,Test,Analogy,74.9171439,175.033454,76.96127178,44.76077416,89.66540715,75.33969122,72.20131489,144.8372476,85.86110333,51.28955921,99.96188958,72.50773035,2,2,12.855,19,21,4.71,31,7,0,0,0,0,0,8.25,8.5,0
131,F,19,2,1,TTE,Test,Explicit,73.63478932,95.0107206,41.74216298,45.48423368,107.0846603,57.49950441,85.81032567,94.88594958,46.67546177,45.57613332,74.94302197,53.2781021,4,0,27.145,4.285,50,4.29,5,3.57,0,0,0,0,0,7.5,7.5,0
132,M,21,3,1,TCE,Teach,Explicit,128.5228915,45.61047887,57.87010706,44.49778541,37.35194752,60.08715273,122.3698752,48.20358167,60.20185866,50.32224137,35.6111991,48.73538792,4,0,38,31.215,66,10,56,6.43,0,0,0,0,0,7.5,7,0
133,M,21,3,0,TTE,Test,Explicit,59.64263054,88.46715008,24.58843778,34.07454321,26.71053133,42.85249796,52.65200286,93.37071287,26.16439342,40.08731865,29.72631653,54.16061057,3,0,16.855,11.145,28,5.71,18,4.29,0,0,0,0,0,10,9.5,0
134,M,21,3,1,TCA,Teach,Analogy,39.1202241,40.22002805,30.64265119,51.03091798,57.04180465,40.87626241,40.39567092,40.83858816,38.12190457,59.41511207,64.66712373,49.36556208,7,0,45.3,25.97,35.6,55,26.8,25.14,0,0,0,0,0,6,9,1
135,F,21,1,1,TTE,Test,Explicit,87.29330386,67.9670892,30.12670606,45.30000605,34.48501325,47.35691483,90.04497799,64.39250143,35.09729927,60.59216425,39.26938673,53.82214353,3,0,28.07,25.07,39,17.14,43,7.14,0,0,0,0,0,7,7,0
136,F,20,1,0,TTA,Test,Analogy,255.8660859,182.6225248,137.0060981,78.62037389,122.6492797,91.95433612,130.1016517,161.1242922,124.3683573,84.52227269,124.9455975,83.7812945,2,0,26,21.57,42,10,36,7.14,0,0,0,0,0,5.5,6,0
137,F,21,2,1,TCA,Teach,Analogy,91.22980885,97.90527305,32.91679303,41.50430473,74.48886577,47.63706656,129.3286744,120.5565556,38.06989926,45.34693925,76.85498991,53.32690442,2,0,16.715,14.855,22,11.43,24,5.71,0,0,0,0,0,7.5,6.5,0
138,F,19,2,1,TCE,Teach,Explicit,92.55008121,83.67965648,47.66137964,36.29911117,48.66986243,77.04082426,83.94673882,67.6937845,47.6258378,49.54344559,35.31688869,90.87923621,6,0,42.145,53.57,30,54.29,55,52.14,0,0,0,0,0,8.5,6.5,0
139,M,22,2,1,TTA,Test,Analogy,113.7611004,56.38515812,66.38377342,89.79325391,43.09736206,45.5521051,139.458496,56.8663106,74.42445753,119.9475845,37.18324579,52.5056992,5,1,35.57,12.285,44,27.14,11,13.57,0,0,0,0,0,8.5,8.5,0
140,F,19,1,1,TCE,Teach,Explicit,112.6824417,94.90714733,59.59924056,97.30229453,48.60419622,76.03887839,113.7124676,47.65334616,64.11348967,109.6586222,51.21006887,87.5229706,5,0,45.57,42.43,34,57.14,32,52.86,0,0,0,0,0,7.5,8,0
141,F,21,3,1,TCA,Teach,Analogy,117.4457916,77.55473195,40.4435467,37.90218918,39.50765211,48.88528809,91.39043438,79.00127346,51.13537937,39.83984841,34.80079417,52.65051668,3,1,47.07,24.785,47,47.14,31,18.57,0,0,0,0,1,7,6,1
142,F,20,2,0,TTE,Test,Explicit,94.3837634,80.73574441,85.09838547,36.03502339,57.06009526,62.08908096,88.09963028,71.08343869,88.65658704,36.62886575,54.74385744,63.37894517,4,0,47.07,33,42,52.14,36,30,0,0,0,0,0,7,9,0
143,M,22,1,1,TCA,Teach,Analogy,44.41164519,45.70423792,21.83337977,39.15723757,56.46564948,41.81139979,43.63864566,55.08726409,27.11393979,43.84731988,66.10542364,46.62562504,4,0,18.7,15.7,37.4,0,31.4,0,0,0,0,0,0,7.5,7,0
144,M,21,1,1,TCE,Teach,Explicit,45.55874208,40.44738095,28.76403337,42.67242666,35.14947053,34.75365006,49.742101,47.58617374,28.66459911,47.4804488,47.84984166,33.90738849,1,0,14.855,7.93,19,10.71,8,7.86,0,0,0,0,0,7,7,0
146,F,19,1,0,TCA,Teach,Analogy,73.12480702,60.5471064,64.65635805,44.62430544,36.29821947,43.67502832,72.21823798,67.67708875,88.31245044,38.0448691,39.22072976,43.72275008,1,0,18.57,9.855,25,12.14,14,5.71,0,0,0,0,0,7.5,7,0
147,F,21,1,1,TCA,Teach,Analogy,54.96169907,63.34967418,26.76485064,37.29653582,47.65137185,39.63266349,63.84273007,71.88413393,24.55824035,42.17473837,51.52767031,39.23343862,2,1,23.43,11.855,34,12.86,18,5.71,0,0,0,0,0,8,8,0
148,M,20,3,1,TTE,Test,Explicit,51.21974352,63.8723775,67.39785479,52.18373249,43.10716795,63.2006947,53.4751729,86.01759436,79.10838196,53.05106553,38.40050435,65.56067955,4,0,28.645,30.855,43,14.29,46,15.71,0,0,0,0,0,8.5,9,0
149,M,22,3,1,TTA,Test,Analogy,122.9637938,93.94267505,52.17774067,71.12432622,75.92012558,62.51918119,96.60120853,110.4873472,62.37490305,76.12788148,89.68267546,68.68722857,1,0,49.645,26.355,50,49.29,37,15.71,0,0,0,0,0,5.5,5.5,0
150,F,20,1,0,TCE,Teach,Explicit,54.38837065,74.0203133,40.66682859,52.98200812,51.60470347,65.92803157,65.80200694,80.73351623,37.6571292,55.44569636,53.25767485,74.94326783,5,0,24.715,6.57,38,11.43,11,2.14,0,0,0,0,0,8,8,0
151,F,20,1,1,TCE,Teach,Explicit,108.4469057,62.8317116,49.67428403,31.0506531,41.08216563,87.25541083,122.8111094,67.62925223,60.26697287,37.01879312,47.15106595,74.34872263,5,0,33.215,30.715,35,31.43,30,31.43,0,0,0,0,0,8.5,8,0
152,M,24,1,0,TTA,Test,Analogy,100.5820021,43.75399282,86.13932794,73.69300892,61.91425895,60.34321371,113.4391634,49.33247617,109.1552153,84.99711569,71.96541251,63.02053923,1,0,20.855,2.715,26,15.71,4,1.43,0,0,1,1,0,9,8,1
154,M,21,2,1,TTA,Test,Analogy,114.6141462,53.90503382,45.18929147,40.84456645,60.9540783,30.20943605,138.4930261,58.83518014,57.25774834,44.85908679,66.38426497,32.08978918,5,0,63.07,65,69,57.14,70,60,0,0,0,0,0,9.5,9,0
155,M,20,1,1,TCA,Teach,Analogy,81.36649112,39.99912141,50.6925548,48.6707895,61.56958976,43.67102945,99.75278246,52.1377251,59.35486423,56.30164145,66.1331582,28.02244293,3,0,2.545,3.73,1.8,3.29,2.6,4.86,0,0,0,0,0,9,8,0
156,F,20,2,0,TTE,Test,Explicit,110.1063075,98.02180789,46.53083746,40.39595191,51.959854,45.53584731,145.859553,93.80344529,60.88370175,44.41748334,58.86797936,47.99765541,8,0,35,33.855,40,30,42,25.71,0,0,0,0,0,6.5,7.25,0
157,M,20,1,0,TTE,Test,Explicit,57.33882257,119.354554,94.50971193,84.86671283,133.3383578,77.40329397,61.1004642,119.363709,102.0326738,88.54584692,126.4308936,72.62288503,5,0,10.715,11.645,10,11.43,19,4.29,0,0,0,0,0,7,8,0
158,M,21,3,1,TCA,Teach,Analogy,64.82682289,42.93237646,45.93790156,33.13514645,34.66567204,27.23227469,79.75491829,51.95210868,49.95206789,38.93902994,37.22270538,29.94755632,2,1,27.785,13.615,32,23.57,18.8,8.43,0,0,0,0,0,7.5,7,0
159,F,20,1,1,TTE,Test,Explicit,83.67915296,84.7027132,67.98298599,58.52500864,43.65952972,91.0866623,86.64147426,117.4461173,76.85165617,74.97710291,49.44440505,84.05640214,2,0,19.07,7.5,26,12.14,15,0,0,0,0,0,0,7.5,6.75,0
160,M,20,2,1,TCE,Teach,Explicit,57.20825341,43.26172819,67.98298599,35.05284336,60.83320299,71.3976381,68.31809136,53.06805545,76.85165617,28.43591186,79.77787861,60.31149848,5,0,28.285,15.355,28,28.57,15,15.71,0,0,0,0,0,8,8,0
161,M,19,3,1,TCE,Teach,Explicit,89.82919589,56.33217188,40.86590844,50.88165377,39.17174849,40.36675288,78.57341053,59.02278434,46.21100445,54.49493042,35.11555772,42.8949493,4,0,38.57,36.285,40,37.14,44,28.57,0,0,0,0,0,9.5,7.5,0
162,M,19,3,1,TCA,Teach,Analogy,59.77494056,34.77829053,44.80300739,44.05662655,38.79913102,53.11104535,51.19542614,34.40958123,46.29913237,47.96064691,42.70662615,75.19811202,2,0,11.285,3.57,14,8.57,0,7.14,0,0,0,0,0,8,7,0
164,M,22,2,1,TTA,Test,Analogy,34.28953429,48.62782364,46.20339727,57.09933078,60.85177493,29.61351049,40.14249536,55.16802549,46.58548473,66.67824136,66.65417746,34.32451265,1,2,66.785,60.855,70,63.57,76,45.71,0,0,0,0,0,7.5,7.5,0
165,F,20,3,2,TCE,Teach,Explicit,80.86143894,84.13937464,68.09989051,72.07543226,72.07325217,65.07625232,100.0919233,84.23313873,98.49584714,81.41700241,77.79112265,69.96214766,2,2,25.355,15.215,35,15.71,19,11.43,0,0,0,0,0,7.5,6.5,0
166,F,21,1,0,TTE,Test,Explicit,98.25721613,69.67662813,33.546678,36.98781594,60.33682042,58.62605462,111.4642093,78.80074399,31.85260374,41.09105238,67.09946049,61.92032736,5,0,3.43,1.715,4,2.86,2,1.43,0,0,0,0,0,7,7,0
167,F,22,1,1,TTE,Test,Explicit,113.7484482,75.57693742,62.49086881,33.24682086,43.52260982,48.75175334,141.5426331,85.77258291,79.37909374,38.98133973,50.24606192,52.98362291,4,0,24.785,21.145,41,8.57,23,19.29,0,0,0,0,0,9.25,8.5,0
